{"cameraMode":{"drawMode":0,"name":"Shaded","section":"Shading Mode"},"sceneLighting":false,"audioPlay":false,"sceneViewState":{"m_AlwaysRefresh":false,"showFog":true,"showSkybox":false,"showFlares":true,"showImageEffects":true,"showParticleSystems":true,"showVisualEffectGraphs":true,"m_FxEnabled":true},"in2DMode":false,"pivot":{"x":-0.843999981880188,"y":1.4519768953323365,"z":-0.3815269470214844},"rotation":{"x":-0.00006352918717311695,"y":-0.999936580657959,"z":-0.008101553656160832,"w":0.007795821875333786},"size":1.674816370010376,"orthographic":true}