{"cameraMode":{"drawMode":0,"name":"Shaded","section":"Shading Mode"},"sceneLighting":false,"audioPlay":false,"sceneViewState":{"m_AlwaysRefresh":false,"showFog":true,"showSkybox":false,"showFlares":true,"showImageEffects":true,"showParticleSystems":true,"showVisualEffectGraphs":true,"m_FxEnabled":true},"in2DMode":false,"pivot":{"x":0.20502090454101563,"y":0.6621841192245483,"z":-0.06458282470703125},"rotation":{"x":0.020378172397613527,"y":0.6987176537513733,"z":-0.019918840378522874,"w":0.7148300409317017},"size":3.7545738220214845,"orthographic":true}